Soldier_ID,TimeStamp,HeartRate,Latitude,Longitude,Accelerometer_X,Accelerometer_Y,Accelerometer_Z,Linear_Accelerometer_X,Linear_Accelerometer_Y,Linear_Accelerometer_Z,Gyro_X,Gyro_Y,Gyro_Z,uncalib_Gyro_X,uncalib_Gyro_Y,uncalib_Gyro_Z,Gyro_rotation_vector_X,Gyro_rotation_vector_Y,Gyro_rotation_vector_Z,Gravity_X,Gravity_Y,Gravity_Z,User_Activity
0,10/6/23 3:54 PM,124,33.6461816,72.9982787,-6.83629,-1.71326,6.9344,-16.64629,-11.52326,-2.8756,-16.59,-2.1,5.39,-16.59,-2.1,0.07,0.91297,0.26718,-0.00475,-7.16585,-1.70819,6.47326,Start_Activity
0,10/6/23 3:54 PM,124,33.6461816,72.9982787,-5.61117,-3.33081,8.96591,-15.42117,-13.14081,-0.84409,101.5,-114.38,11.34,101.5,-114.38,0.07,0.92139,0.33265,-0.04521,-7.44548,-0.46695,6.36531,Start_Activity
0,10/6/23 3:54 PM,125,33.6461816,72.9982787,-2.24447,-0.62692,8.61416,-12.05447,-10.43692,-1.19584,-11.76,0.7,43.61,-11.76,0.7,0.07,0.92235,0.38475,0.0043,-3.93286,-1.45258,8.86527,Start_Activity
0,10/6/23 3:54 PM,125,33.6461816,72.9982787,-3.90509,-3.38106,11.88276,-13.71509,-13.19106,2.07276,-1.12,49.42,13.79,-1.12,49.42,0.07,0.90927,0.40729,-0.02531,-3.08253,-2.40796,8.99278,Start_Activity
0,10/6/23 3:54 PM,124,33.6461816,72.9982787,-2.02911,-1.7659,7.59482,-11.83911,-11.5759,-2.21518,-4.83,24.22,-0.91,-4.83,24.22,0.07,0.90984,0.41077,-0.01713,-2.64877,-2.52794,9.09747,Start_Activity
0,10/6/23 3:54 PM,123,33.6461816,72.9982787,-3.6347,-2.266,6.86262,-13.4447,-12.076,-2.94738,14.28,-58.52,-17.01,14.28,-58.52,0.07,0.87029,0.4662,-0.01416,-3.7018,-2.79617,8.63994,Start_Activity
0,10/6/23 3:54 PM,123,33.6461816,72.9982787,-3.29492,-1.69651,8.55195,-13.10492,-11.50651,-1.25805,-15.12,-3.22,7.56,-15.12,-3.22,0.07,0.86203,0.49965,0.00373,-3.89488,-2.50499,8.64438,Start_Activity
0,10/6/23 3:54 PM,125,33.6461816,72.9982787,-2.18465,-1.55773,7.70489,-11.99465,-11.36773,-2.10511,-4.41,-3.29,40.53,-4.41,-3.29,0.07,0.82774,0.55821,-0.00166,-3.57053,-1.68301,8.97715,Start_Activity
0,10/6/23 3:54 PM,125,33.6462688,72.9965494,-5.24028,-1.95254,8.97309,-15.05028,-11.76254,-0.83691,-10.92,63.63,18.55,-10.92,63.63,0.07,0.8445,0.51155,0.02694,-3.8925,-2.1694,8.7357,Start_Activity
0,10/6/23 3:54 PM,124,33.6462688,72.9965494,-3.6682,-2.38086,7.26461,-13.4782,-12.19086,-2.54539,14.7,-27.79,-11.9,14.7,-27.79,0.07,0.83464,0.52999,-0.00467,-3.45024,-1.55027,9.04781,Start_Activity
0,10/6/23 3:54 PM,123,33.6462688,72.9965494,-5.07996,-3.56291,8.88934,-14.88996,-13.37291,-0.92066,17.64,-19.46,-17.36,17.64,-19.46,0.07,0.82112,0.53859,-0.01252,-4.40249,-2.35077,8.4417,Start_Activity
0,10/6/23 3:54 PM,121,33.6462688,72.9965494,-3.6347,-2.31386,8.85584,-13.4447,-12.12386,-0.95416,-6.37,1.4,-32.27,-6.37,1.4,0.07,0.83646,0.53794,-5.70E-04,-4.20806,-2.68058,8.44258,Start_Activity
0,10/6/23 3:54 PM,120,33.6462688,72.9965494,-3.56531,-2.01236,7.35793,-13.37531,-11.82236,-2.45207,14.07,-19.88,2.1,14.07,-19.88,0.07,0.8408,0.52508,0.00384,-3.45768,-2.60479,8.79943,Start_Activity
0,10/6/23 3:54 PM,121,33.6462688,72.9965494,-3.95534,-4.06301,11.61955,-13.76534,-13.87301,1.80955,3.36,32.55,21.98,3.36,32.55,0.07,0.88187,0.45959,-0.03406,-2.91642,-3.24497,8.78266,Start_Activity
0,10/6/23 3:54 PM,121,33.6462688,72.9965494,-1.97886,-3.3332,6.76212,-11.78886,-13.1432,-3.04788,1.33,2.38,-10.29,1.33,2.38,0.07,0.87152,0.47041,-0.07318,-2.70634,-3.16762,8.87763,Start_Activity
0,10/6/23 3:54 PM,122,33.6462688,72.9965494,-1.83769,-4.58704,7.38425,-11.64769,-14.39704,-2.42575,34.44,-10.57,-36.33,34.44,-10.57,0.07,0.87847,0.44373,-0.11999,-2.56786,-3.534,8.77994,Start_Activity
0,10/6/23 3:54 PM,122,33.6462688,72.9965494,-3.88355,-5.80499,12.05504,-13.69355,-15.61499,2.24504,24.57,1.82,-43.54,24.57,1.82,0.07,0.90559,0.40007,-0.07764,-2.61659,-3.45612,8.79654,Start_Activity
0,10/6/23 3:54 PM,123,33.6462688,72.9965494,-1.80658,-3.2997,9.01616,-11.61658,-13.1097,-0.79384,-13.58,18.69,3.15,-13.58,18.69,0.07,0.91958,0.38475,-0.04997,-2.70221,-3.74937,8.64932,Start_Activity
0,10/6/23 3:54 PM,124,33.6462688,72.9965494,-2.668,-2.20379,6.83151,-12.478,-12.01379,-2.97849,11.06,-22.96,2.59,11.06,-22.96,0.07,0.93567,0.33454,-0.03951,-2.55681,-3.24071,8.89556,Start_Activity
0,10/6/23 3:54 PM,125,33.6462688,72.9965494,-3.42413,-4.57986,11.55973,-13.23413,-14.38986,1.74973,-5.32,40.53,30.45,-5.32,40.53,0.07,0.93518,0.33739,-0.06029,-2.57568,-3.79306,8.66885,Start_Activity
0,10/6/23 3:54 PM,125,33.6462688,72.9965494,0.91884,-2.16072,7.08036,-8.89116,-11.97072,-2.72964,14,-34.72,-32.48,14,-34.72,0.07,-0.95709,-0.28508,0.05166,0.22071,-0.14662,9.80307,Start_Activity
0,10/6/23 3:54 PM,126,33.6462688,72.9965494,1.51226,-4.51526,8.41556,-8.29774,-14.32526,-1.39444,11.9,28.63,-48.65,11.9,28.63,0.07,-0.97425,-0.18022,0.13433,0.39787,-2.25015,9.53671,Start_Activity
0,10/6/23 3:54 PM,126,33.6462688,72.9965494,1.59362,-2.55075,9.17408,-8.21638,-12.36075,-0.63592,-78.12,3.92,21.07,-78.12,3.92,0.07,-0.98958,-0.13467,0.04643,0.79146,-4.54586,8.65327,Start_Activity
0,10/6/23 3:54 PM,126,33.6462688,72.9965494,1.72523,-5.92702,7.68814,-8.08477,-15.73702,-2.12186,-13.58,-19.74,4.41,-13.58,-19.74,0.07,-0.95287,-0.1969,0.23051,1.86006,-3.38766,9.01301,Start_Activity
0,10/6/23 3:54 PM,126,33.6462688,72.9965494,-1.03849,1.83769,12.42353,-10.84849,-7.97231,2.61353,-54.88,22.4,51.73,-54.88,22.4,0.07,0.98235,0.18649,0.01347,0.37967,-0.23686,9.79643,Start_Activity
0,10/6/23 3:54 PM,125,33.6462688,72.9965494,-2.78525,-2.41436,6.95594,-12.59525,-12.22436,-2.85406,-18.13,28.21,-16.52,-18.13,28.21,0.07,0.96495,0.23273,-0.05734,-2.52919,-5.00291,8.0464,Start_Activity
0,10/6/23 3:54 PM,123,33.6480117,72.9920053,-3.0676,-3.32124,6.49412,-12.8776,-13.13124,-3.31588,42.35,-2.1,-15.33,42.35,-2.1,0.07,0.95079,0.24614,-0.10752,-3.45059,-4.22143,8.15128,Start_Activity
0,10/6/23 3:54 PM,122,33.6480117,72.9920053,-4.95075,-7.53261,11.00698,-14.76075,-17.34261,1.19698,4.2,43.26,-22.12,4.2,43.26,0.07,0.9437,0.23073,-0.17051,-3.92842,-4.94397,7.503,Start_Activity
0,10/6/23 3:54 PM,123,33.6480117,72.9920053,-3.56052,-2.89771,7.57089,-13.37052,-12.70771,-2.23911,8.05,11.97,-15.47,8.05,11.97,0.07,0.96971,0.19144,-0.07425,-4.2149,-3.82705,7.98491,Start_Activity
0,10/6/23 3:54 PM,125,33.6480117,72.9920053,-5.7332,0.19143,7.94178,-15.5432,-9.61857,-1.86822,-24.29,10.71,39.76,-24.29,10.71,0.07,0.97751,0.07058,0.02148,-5.2685,-1.7369,8.08681,Start_Activity
0,10/6/23 3:54 PM,127,33.6480117,72.9920053,-7.23829,2.21097,3.93619,-17.04829,-7.59903,-5.87381,-24.92,-15.68,12.18,-24.92,-15.68,0.07,0.86311,-0.08887,0.21208,-8.35255,1.47956,4.92099,Start_Activity
0,10/6/23 3:54 PM,128,33.6480117,72.9920053,-15.51745,2.97906,5.07996,-25.32745,-6.83094,-4.73004,1.05,47.81,-8.54,1.05,47.81,0.07,0.83439,-0.11636,0.13275,-8.60266,1.77894,4.35889,Start_Activity
0,10/6/23 3:54 PM,128,33.6480117,72.9920053,-9.91586,1.54576,3.73998,-19.72586,-8.26424,-6.07002,-25.9,8.54,-5.88,-25.9,8.54,0.07,0.82222,-0.09347,0.15839,-8.48067,1.83988,4.56765,Start_Activity
0,10/6/23 3:54 PM,129,33.6480117,72.9920053,-8.44906,0.82792,3.85244,-18.25906,-8.98208,-5.95756,-57.75,-22.12,31.36,-57.75,-22.12,0.07,0.84961,-0.03408,0.09224,-7.68571,1.48746,5.90658,Start_Activity
0,10/6/23 3:54 PM,132,33.6480117,72.9920053,-4.95554,2.59382,10.46142,-14.76554,-7.21618,0.65142,-105.63,37.59,10.92,-105.63,37.59,0.07,0.99135,-0.04534,0.05349,-9.29721,2.01521,2.38141,Start_Activity
0,10/6/23 3:54 PM,131,33.6480117,72.9920053,-4.92682,3.51027,3.63948,-14.73682,-6.29973,-6.17052,-119.84,-47.46,111.44,-119.84,-47.46,0.07,0.83894,-0.28896,0.24513,-9.24717,0.83665,3.15598,Start_Activity
0,10/6/23 3:54 PM,131,33.6480117,72.9920053,-11.17687,1.91665,1.7324,-20.98687,-7.89335,-8.0776,-22.12,-11.34,40.67,-22.12,-11.34,0.07,0.57388,-0.49702,0.08401,-9.28198,1.58395,-2.73976,Start_Activity
0,10/6/23 3:54 PM,131,33.6480117,72.9920053,-7.47757,0.32303,2.62732,-17.28757,-9.48697,-7.18268,-10.78,-91.07,-74.34,-10.78,-91.07,0.07,0.78329,-0.24656,-0.10311,-9.28968,-0.43788,3.11136,Start_Activity
0,10/6/23 3:54 PM,132,33.6480117,72.9920053,-14.74457,1.00499,0.61256,-24.55457,-8.80501,-9.19744,-12.88,-212.17,-123.62,-12.88,-212.17,0.07,0.50253,-0.51787,0.15378,-9.15696,0.38681,3.48867,Start_Activity
0,10/6/23 3:54 PM,133,33.6480117,72.9920053,-13.77309,0.8662,0.54556,-23.58309,-8.9438,-9.26444,5.74,-146.23,-127.4,5.74,-146.23,0.07,0.5132,-0.50635,0.15861,-9.61024,-0.2423,1.93777,Start_Activity
0,10/6/23 3:54 PM,133,33.6480117,72.9920053,-6.6664,0.92602,-0.28475,-16.4764,-8.88398,-10.09475,26.67,-134.05,-124.53,26.67,-134.05,0.07,0.29696,-0.62503,0.48634,-9.3596,-1.43266,2.5526,Start_Activity
0,10/6/23 3:54 PM,135,33.6480117,72.9920053,-5.29053,0.3326,0.48814,-15.10053,-9.4774,-9.32186,27.79,-57.19,-64.75,27.79,-57.19,0.07,0.64976,-0.35193,0.06905,-9.50443,-1.80159,1.60949,Start_Activity
0,10/6/23 3:54 PM,136,33.6480117,72.9920053,-5.39342,-6.45344,0.00479,-15.20342,-16.26344,-9.80521,-17.01,-2.24,-24.08,-17.01,-2.24,0.07,0.60345,0.36896,-0.60293,-7.47061,-6.18979,1.43066,Start_Activity
0,10/6/23 3:54 PM,135,33.6480117,72.9920053,-9.21715,-5.00578,-1.90229,-19.02715,-14.81578,-11.71229,46.55,-13.37,77.91,46.55,-13.37,0.07,0.3002,0.56502,-0.55691,-9.08584,-3.47303,1.24736,Start_Activity
0,10/6/23 3:54 PM,134,33.6480117,72.9920053,-7.88196,-2.50529,3.32842,-17.69196,-12.31529,-6.48158,19.11,26.95,63.28,19.11,26.95,0.07,0.60961,0.57216,0.04373,-8.85287,-3.07146,2.89193,Start_Activity
0,10/6/23 3:54 PM,134,33.6462462,72.9962913,-8.56631,-2.74217,-0.81356,-18.37631,-12.55217,-10.62356,-44.45,-75.18,50.54,-44.45,-75.18,0.07,0.0891,0.66846,-0.29289,-8.66281,-4.48322,1.01332,Start_Activity
0,10/6/23 3:54 PM,133,33.6462462,72.9962913,-3.75673,-0.44746,6.75015,-13.56673,-10.25746,-3.05985,42.07,-47.18,-43.89,42.07,-47.18,0.07,0.58536,0.79974,0.09713,-3.34323,-2.95926,8.73132,Start_Activity
0,10/6/23 3:54 PM,132,33.6462462,72.9962913,-4.72582,-0.69153,5.09193,-14.53582,-10.50153,-4.71807,10.99,31.43,44.45,10.99,31.43,0.07,0.65106,0.70494,0.17097,-6.36512,-1.80938,7.23752,Start_Activity
0,10/6/23 3:54 PM,131,33.6462462,72.9962913,-8.98505,-0.08375,3.94816,-18.79505,-9.89375,-5.86184,-22.19,40.81,14.84,-22.19,40.81,0.07,0.69042,0.48955,0.29863,-8.57024,1.048,4.65006,Start_Activity
0,10/6/23 3:54 PM,132,33.6462462,72.9962913,-6.1687,0.51685,2.60578,-15.9787,-9.29315,-7.20422,-24.36,11.69,38.5,-24.36,11.69,0.07,0.728,0.42158,0.35807,-6.50994,1.08473,7.25358,Start_Activity
0,10/6/23 3:54 PM,132,33.6462462,72.9962913,-9.5019,-0.50967,3.96251,-19.3119,-10.31967,-5.84749,-45.85,-16.17,31.01,-45.85,-16.17,0.07,0.68909,0.48037,0.25011,-9.57409,0.86362,-1.93942,Start_Activity
0,10/6/23 3:54 PM,134,33.6462462,72.9962913,-8.81277,-0.09332,5.09671,-18.62277,-9.90332,-4.71329,-33.32,51.94,-4.27,-33.32,51.94,0.07,0.78451,0.40286,0.20732,-9.52731,2.22765,0.66201,Start_Activity
0,10/6/23 3:54 PM,134,33.6462462,72.9962913,-6.9679,-0.96909,6.1663,-16.7779,-10.77909,-3.6437,-72.87,-37.66,9.66,-72.87,-37.66,0.07,0.89007,0.29538,0.04816,-9.49568,1.59201,1.86223,Start_Activity
0,10/6/23 3:54 PM,135,33.6462462,72.9962913,-8.15952,0.16989,3.1011,-17.96952,-9.64011,-6.7089,97.93,-44.45,21.42,97.93,-44.45,0.07,0.80692,0.19278,0.15952,-9.70683,0.88511,-1.07909,Start_Activity
0,10/6/23 3:54 PM,134,33.6462462,72.9962913,-16.83829,1.58644,5.29292,-26.64829,-8.22356,-4.51708,-7.98,-18.9,-8.68,-7.98,-18.9,0.07,0.79294,0.16443,0.2803,-9.19893,0.34418,3.38105,Start_Activity
0,10/6/23 3:54 PM,132,33.6480117,72.9920053,-9.55933,1.32562,2.54596,-19.36933,-8.48438,-7.26404,1.82,6.09,-12.53,1.82,6.09,0.07,0.79163,0.07016,0.32921,-9.32177,0.35323,3.02494,Start_Activity
0,10/6/23 3:55 PM,131,33.6480117,72.9920053,-5.27857,1.01456,5.92463,-15.08857,-8.79544,-3.88537,26.32,-116.06,-88.76,26.32,-116.06,0.07,0.90402,0.33116,0.14646,-8.24358,-1.06134,5.20455,Start_Activity
0,10/6/23 3:55 PM,132,33.6480117,72.9920053,-5.8672,0.31107,2.67518,-15.6772,-9.49893,-7.13482,60.13,-70.63,-70.77,60.13,-70.63,0.07,0.83094,0.18234,0.1723,-9.1649,0.64908,3.42837,Start_Activity
0,10/6/23 3:55 PM,131,33.6480117,72.9920053,-4.96271,0.02154,4.67318,-14.77271,-9.78846,-5.13682,27.16,1.75,-20.09,27.16,1.75,0.07,0.92631,0.19369,0.06788,-9.10363,1.98751,3.05681,Start_Activity
0,10/6/23 3:55 PM,132,33.6480117,72.9920053,-6.40319,0.61974,4.21137,-16.21319,-9.19026,-5.59863,-47.6,-29.12,-17.99,-47.6,-29.12,0.07,0.8962,0.07021,0.10156,-0.33942,5.30945,8.23802,Start_Activity
0,10/6/23 3:55 PM,132,33.6480117,72.9920053,-11.0668,-4.80718,9.6359,-20.8768,-14.61718,-0.1741,-31.08,81.2,101.78,-31.08,81.2,0.07,0.88542,0.27096,-0.0931,-6.9459,-1.17729,6.82194,Start_Activity
0,10/6/23 3:55 PM,131,33.6480117,72.9920053,-17.91267,0.71306,0.44985,-27.72267,-9.09694,-9.36015,-248.85001,220.64,255.99001,-248.85001,220.64,0.07,0.63003,-0.34001,0.34295,-9.4355,2.67053,-0.09983,Start_Activity
0,10/6/23 3:55 PM,131,33.6480117,72.9920053,-9.10948,0.35653,3.35952,-18.91948,-9.45347,-6.45048,-31.29,-63.42,-53.48,-31.29,-63.42,0.07,0.81816,-0.11571,-0.01905,-9.16172,2.9623,1.85959,Start_Activity
0,10/6/23 3:55 PM,130,33.6480117,72.9920053,-7.99203,-1.37587,2.1655,-17.80203,-11.18587,-7.6445,-10.71,20.02,-47.04,-10.71,20.02,0.07,0.71714,0.34483,-0.07582,-8.90176,-4.10668,0.25318,Start_Activity
0,10/6/23 3:55 PM,132,33.6480117,72.9920053,-4.38604,-3.01256,2.67039,-14.19604,-12.82256,-7.13961,124.6,-31.15,-30.03,124.6,-31.15,0.07,0.81968,0.27005,-0.29894,-8.52971,-3.5123,3.32838,Start_Activity
0,10/6/23 3:55 PM,133,33.6480117,72.9920053,-15.60599,2.51486,4.56311,-25.41599,-7.29514,-5.24689,-8.33,24.36,30.87,-8.33,24.36,0.07,0.75664,-0.26716,0.1016,-8.67223,2.65034,-3.73343,Start_Activity
0,10/6/23 3:55 PM,132,33.6461736,72.9963522,-15.71606,1.50987,2.88574,-25.52606,-8.30013,-6.92426,-53.2,9.03,-23.24,-53.2,9.03,0.07,0.72234,-0.26375,0.08545,-9.7129,0.90587,-1.00464,Start_Activity
0,10/6/23 3:55 PM,132,33.6461736,72.9963522,-17.88874,-0.48814,4.19701,-27.69874,-10.29814,-5.61299,-152.18001,34.37,26.39,-152.18001,34.37,0.07,0.75672,0.21087,0.096,-9.78853,0.01356,0.59578,Start_Activity
0,10/6/23 3:55 PM,131,33.6461736,72.9963522,-7.92742,-3.69452,6.47976,-17.73742,-13.50452,-3.33024,-16.45,-99.96,118.44,-16.45,-99.96,0.07,0.87559,0.26884,-0.12028,-7.07274,-2.84333,6.16946,Start_Activity
0,10/6/23 3:55 PM,132,33.6461736,72.9963522,-8.95155,-1.24427,4.61097,-18.76155,-11.05427,-5.19903,-29.89,25.69,32.76,-29.89,25.69,0.07,0.78769,0.35785,0.07679,-9.43472,-0.4129,2.64311,Start_Activity
0,10/6/23 3:55 PM,133,33.6461736,72.9963522,-16.53201,-0.00718,-0.06939,-26.34201,-9.81718,-9.87939,-96.39,-23.31,-8.89,-96.39,-23.31,0.07,-0.20356,0.67562,-0.65383,-9.60518,-0.04468,1.97709,Start_Activity
0,10/6/23 3:55 PM,133,33.6461736,72.9963522,-15.08914,-3.69691,3.70648,-24.89914,-13.50691,-6.10352,80.85,-129.00999,-57.75,80.85,-129.00999,0.07,0.61655,0.48885,-0.07943,-6.70645,-0.40499,7.14352,Start_Activity
0,10/6/23 3:55 PM,131,33.6461736,72.9963522,-9.30808,2.39282,-1.65344,-19.11808,-7.41718,-11.46344,9.66,-22.68,-51.87,9.66,-22.68,0.07,0.16405,-0.62218,0.57378,-3.76486,2.74061,8.63048,Start_Activity
0,10/6/23 3:55 PM,132,33.6461736,72.9963522,-9.04726,-0.94277,3.01496,-18.85726,-10.75277,-6.79504,37.31,-19.25,0.84,37.31,-19.25,0.07,0.72507,0.37296,0.09733,-9.78509,-0.31321,0.5695,Start_Activity
0,10/6/23 3:55 PM,133,33.6461736,72.9963522,-17.64467,-2.2349,-0.7011,-27.45467,-12.0449,-10.5111,-14.21,-123.69,-74.06,-14.21,-123.69,0.07,0.18959,0.66659,-0.39436,-9.73379,-0.32346,-1.14849,Start_Activity
0,10/6/23 3:55 PM,134,33.6461736,72.9963522,-17.91746,-1.9669,-0.34935,-27.72746,-11.7769,-10.15935,23.38,-156.45,-80.64,23.38,-156.45,0.07,0.23586,0.6593,-0.35369,-8.26881,-1.16213,5.14262,Start_Activity
0,10/6/23 3:55 PM,134,33.6461736,72.9963522,-17.17807,-1.17248,3.41695,-26.98807,-10.98248,-6.39305,-40.53,54.39,67.13,-40.53,54.39,0.07,0.65735,0.40871,0.14111,-9.48261,-0.63057,2.41929,Start_Activity
0,10/6/23 3:55 PM,134,33.6461736,72.9963522,-10.82274,-3.39302,0.94995,-20.63274,-13.20302,-8.86005,5.88,36.89,45.22,5.88,36.89,0.07,0.46245,0.57273,-0.27489,-8.59266,-3.78903,2.82484,Start_Activity
0,10/6/23 3:55 PM,133,33.6461736,72.9963522,-9.8345,-5.76192,4.80718,-19.6445,-15.57192,-5.00282,-86.73,-90.79,-81.06,-86.73,-90.79,0.07,0.69305,0.47727,-0.1853,-9.50049,-1.8601,1.56557,Start_Activity
0,10/6/23 3:55 PM,133,33.6461736,72.9963522,-5.23789,-5.5011,4.733,-15.04789,-15.3111,-5.077,95.83,20.65,-16.52,95.83,20.65,0.07,0.80634,0.38172,-0.26085,-7.9658,-4.78044,3.14068,Start_Activity
0,10/6/23 3:55 PM,133,33.6461736,72.9963522,-7.67618,-0.10528,2.71346,-17.48618,-9.91528,-7.09654,-20.72,36.12,-6.37,-20.72,36.12,0.07,0.75119,0.3335,0.21064,-9.08579,-2.68668,2.52992,Start_Activity
0,10/6/23 3:55 PM,133,33.6461736,72.9963522,-12.48575,-0.05503,3.62752,-22.29575,-9.86503,-6.18248,-60.13,109.9,73.64,-60.13,109.9,0.07,0.74083,0.30978,0.22153,-9.79909,0.2603,-0.28372,Start_Activity
0,10/6/23 3:55 PM,132,33.6480117,72.9920053,-10.15993,-1.93819,2.93121,-19.96993,-11.74819,-6.87879,26.53,-0.77,-50.75,26.53,-0.77,0.07,0.68785,0.41006,-0.03369,-8.24118,-2.32324,4.78078,Start_Activity
0,10/6/23 3:55 PM,131,33.6480117,72.9920053,-9.43969,-1.51705,2.34497,-19.24969,-11.32705,-7.46503,59.71,31.71,0.7,59.71,31.71,0.07,0.70145,0.3611,-0.06466,-8.70467,-2.22608,3.92984,Start_Activity
0,10/6/23 3:55 PM,131,33.6480117,72.9920053,-3.14656,-0.7681,3.76152,-12.95656,-10.5781,-6.04848,7,-211.89,-52.71,7,-211.89,0.07,0.93644,0.24287,-0.00487,-4.40297,-1.29782,8.66602,Start_Activity
0,10/6/23 3:55 PM,130,33.6480117,72.9920053,-5.00818,-2.46939,3.60598,-14.81818,-12.27939,-6.20402,27.23,-16.94,-67.2,27.23,-16.94,0.07,0.81882,0.36643,-0.11336,-5.75409,-1.94674,7.69877,Start_Activity
0,10/6/23 3:55 PM,130,33.6480117,72.9920053,-9.33201,-0.24646,-0.3661,-19.14201,-10.05646,-10.1761,106.75,-173.81,-178.36,106.75,-173.81,0.07,-0.02302,0.69272,-0.58419,-6.74082,-2.52967,6.65826,Start_Activity
0,10/6/23 3:55 PM,130,33.6480117,72.9920053,-10.14557,-0.93081,0.83749,-19.95557,-10.74081,-8.97251,100.03,-155.47,-137.62,100.03,-155.47,0.07,0.53573,0.50408,-0.05768,-7.45507,-1.2489,6.24761,Start_Activity
0,10/6/23 3:55 PM,129,33.6480117,72.9920053,-13.53859,-0.68913,1.97886,-23.34859,-10.49913,-7.83114,28.98,-153.58,-113.82,28.98,-153.58,0.07,0.63818,0.40707,0.15038,-9.64626,-0.32947,1.73539,Start_Activity
0,10/6/23 3:55 PM,130,33.6480117,72.9920053,-12.99542,-0.68195,3.23988,-22.80542,-10.49195,-6.57012,-14.7,-10.78,-22.61,-14.7,-10.78,0.07,0.72277,-0.36966,-0.21167,-9.53586,0.82136,-2.13614,Start_Activity
0,10/6/23 3:55 PM,131,33.6480117,72.9920053,-14.5029,-0.66042,4.6684,-24.3129,-10.47042,-5.1416,-16.24,-16.94,-19.18,-16.24,-16.94,0.07,0.70381,0.40578,0.21717,-9.74198,0.77673,-0.81292,Start_Activity
0,10/6/23 3:55 PM,131,33.6480117,72.9920053,-10.08814,-0.86381,3.78066,-19.89814,-10.67381,-6.02934,-40.81,61.25,35.49,-40.81,61.25,0.07,0.71183,0.4224,0.17026,-9.0971,2.23829,-2.89884,Start_Activity
0,10/6/23 3:55 PM,131,33.6480117,72.9920053,-6.8004,-3.04846,10.04746,-16.6104,-12.85846,0.23746,151.69,-84.98,-81.2,151.69,-84.98,0.07,0.94271,0.26198,-0.03792,-6.83143,-2.51646,6.57033,Start_Activity
0,10/6/23 3:55 PM,132,33.64768333,72.99593667,-17.59682,-1.19641,1.00738,-27.40682,-11.00641,-8.80262,-265.92999,224.98,143.14999,-265.92999,224.98,0.07,0.48397,0.54252,-0.02041,-9.7106,-0.18099,-1.35719,Start_Activity
0,10/6/23 3:55 PM,132,33.64768333,72.99593667,-11.03331,0.99541,1.48355,-20.84331,-8.81459,-8.32645,-16.87,155.96001,71.4,-16.87,155.96001,0.07,0.68609,-0.31021,0.11022,-9.66556,-1.51515,0.67204,Start_Activity
0,10/6/23 3:55 PM,132,33.6480117,72.9920053,-6.6329,-0.28714,0.75613,-16.4429,-10.09714,-9.05387,21.21,-35.42,-10.85,21.21,-35.42,0.07,0.69142,0.28085,0.01502,-9.53119,-1.85975,1.36678,Start_Activity
0,10/6/23 3:55 PM,130,33.6480117,72.9920053,-9.86082,-0.55035,1.34716,-19.67082,-10.36035,-8.46284,85.75,-152.67,-78.68,85.75,-152.67,0.07,0.68673,0.31079,0.02401,-9.68802,-1.09664,1.05359,Start_Activity
0,10/6/23 3:55 PM,129,33.6480117,72.9920053,-10.62413,-0.69153,4.49372,-20.43413,-10.50153,-5.31628,55.65,-68.04,-46.55,55.65,-68.04,0.07,0.79018,0.28959,0.10533,-8.67986,-0.25324,4.55701,Start_Activity
0,10/6/23 3:55 PM,131,33.6480117,72.9920053,-6.57069,-1.99561,7.49193,-16.38069,-11.80561,-2.31807,5.81,3.43,-30.38,5.81,3.43,0.07,0.93141,0.23992,-0.02488,-7.18738,-1.97553,6.37253,Start_Activity
0,10/6/23 3:55 PM,129,33.6480117,72.9920053,-6.71187,-0.3015,3.28295,-16.52187,-10.1115,-6.52705,-25.41,-9.24,-11.55,-25.41,-9.24,0.07,0.80322,0.30615,0.1365,-9.75667,0.15088,0.9773,Start_Activity
0,10/6/23 3:55 PM,128,33.64704167,72.99602333,-11.97369,-0.64606,3.51984,-21.78369,-10.45606,-6.29016,-86.94,65.8,74.2,-86.94,65.8,0.07,0.72674,0.34368,0.15252,-6.41849,3.74908,-6.3967,Start_Activity
0,10/6/23 3:55 PM,128,33.64704167,72.99602333,-9.61197,0.41396,2.9336,-19.42197,-9.39604,-6.8764,-15.4,123.48,56,-15.4,123.48,0.07,0.7859,-0.18501,-0.05323,-9.66922,-1.36197,-0.90639,Start_Activity
0,10/6/23 3:55 PM,128,33.64688,72.99622333,-6.43909,-1.43569,3.85244,-16.24909,-11.24569,-5.95756,131.81,-140.7,-123.9,131.81,-140.7,0.07,0.87283,0.13509,-0.10474,-8.66427,-3.32223,3.17231,Start_Activity
0,10/6/23 3:55 PM,130,33.64688,72.99622333,-1.3998,0.86142,7.64746,-11.2098,-8.94858,-2.16254,128.66,37.73,-66.01,128.66,37.73,0.07,0.99941,-0.02573,0.01134,-6.75082,-2.59865,6.62147,Start_Activity
0,10/6/23 3:55 PM,131,33.6461816,72.9982787,0.04307,0.64367,10.05703,-9.76693,-9.16633,0.24703,-3.99,-26.81,-21.42,-3.99,-26.81,0.07,-0.99846,-0.05542,-0.00204,-1.58549,1.48228,9.56344,Start_Activity
0,10/6/23 3:55 PM,133,33.6461816,72.9982787,-14.87618,1.46919,6.40798,-24.68618,-8.34081,-3.40202,13.3,-60.97,-45.64,13.3,-60.97,0.07,0.80033,-0.2661,-0.04907,-8.89339,2.95252,-2.89148,Start_Activity
0,10/6/23 3:55 PM,133,33.6461816,72.9982787,-9.45644,0.58146,6.21416,-19.26644,-9.22854,-3.59584,18.34,14.56,-9.03,18.34,14.56,0.07,0.84901,-0.29627,-0.10249,-1.60643,4.58089,-8.52087,Start_Activity
0,10/6/23 3:55 PM,134,33.6461816,72.9982787,-3.03171,-1.96211,7.77428,-12.84171,-11.77211,-2.03572,-28.84,-0.7,24.29,-28.84,-0.7,0.07,0.98612,0.13512,-0.04169,-6.89293,-1.36487,6.84069,Start_Activity
0,10/6/23 3:55 PM,135,33.6461816,72.9982787,-4.22094,-1.31366,6.91765,-14.03094,-11.12366,-2.89235,-22.4,-43.75,-0.21,-22.4,-43.75,0.07,0.98068,0.10514,-0.03457,-5.41039,-2.51644,7.78239,Start_Activity
0,10/6/23 3:55 PM,135,33.6461816,72.9982787,-7.07079,-4.09173,10.32742,-16.88079,-13.90173,0.51742,-17.15,40.32,49.07,-17.15,40.32,0.07,0.96724,0.11535,-0.09915,-4.86311,-3.20219,7.89092,Start_Activity
0,10/6/23 3:55 PM,136,33.6461816,72.9982787,-3.74237,-3.02213,6.66401,-13.55237,-12.83213,-3.14599,18.76,-5.32,-6.3,18.76,-5.32,0.07,0.97741,0.07252,-0.11947,-3.86821,-3.19057,8.42779,Start_Activity
0,10/6/23 3:55 PM,136,33.64680667,72.996195,-2.99581,-3.67777,5.69492,-12.80581,-13.48777,-4.11508,7.91,-16.45,-26.67,7.91,-16.45,0.07,0.96791,0.06617,-0.18675,-3.51874,-3.69746,8.37363,Start_Activity
0,10/6/23 3:55 PM,136,33.64680667,72.996195,-4.14437,-5.01775,8.75294,-13.95437,-14.82775,-1.05706,-24.5,-17.5,-42.63,-24.5,-17.5,0.07,0.97557,0.07288,-0.15565,-3.89993,-4.63742,7.71073,Start_Activity
0,10/6/23 3:55 PM,137,33.64680667,72.996195,0.83988,2.38564,9.22912,-8.97012,-7.42436,-0.58088,9.38,-38.78,6.02,9.38,-38.78,0.07,-0.99051,-0.13261,-0.03221,-0.92151,0.32384,9.75789,Start_Activity
0,10/6/23 3:55 PM,137,33.64620167,72.99582333,-1.42612,-2.7996,7.85564,-11.23612,-12.6096,-1.95436,-46.13,-25.13,22.4,-46.13,-25.13,0.07,0.99609,0.04881,-0.06408,-2.60352,-4.26319,8.43903,Start_Activity
0,10/6/23 3:55 PM,138,33.64620167,72.99582333,-3.15613,-3.12742,6.81715,-12.96613,-12.93742,-2.99285,-17.08,-26.11,6.44,-17.08,-26.11,0.07,0.9829,0.07042,-0.1146,-3.06256,-4.32301,8.25243,Start_Activity
0,10/6/23 3:56 PM,137,33.6461816,72.9982787,-3.8668,-3.84287,9.801,-13.6768,-13.65287,-0.009,-97.72,-13.93,14.35,-97.72,-13.93,0.07,0.99015,0.04758,-0.08992,-3.26443,-4.73986,7.94025,Start_Activity
0,10/6/23 3:56 PM,138,33.6461816,72.9982787,-2.1009,-4.05823,7.06361,-11.9109,-13.86823,-2.74639,14.84,21.07,-0.42,14.84,21.07,0.07,0.98414,0.05649,-0.14663,-2.49279,-4.56635,8.31293,Start_Activity
0,10/6/23 3:56 PM,137,33.6461816,72.9982787,-3.12263,-3.30449,5.55613,-12.93263,-13.11449,-4.25387,44.03,-21.42,-28.91,44.03,-21.42,0.07,0.96847,0.07748,-0.16868,-3.00009,-4.62607,8.10983,Start_Activity
0,10/6/23 3:56 PM,138,33.6461816,72.9982787,-6.42234,-6.74537,12.55035,-16.23234,-16.55537,2.74035,5.32,21.49,-18.41,5.32,21.49,0.07,0.97474,0.08462,-0.14356,-4.01797,-4.69562,7.6143,Start_Activity
0,10/6/23 3:56 PM,139,33.6461816,72.9982787,-4.31665,-1.29452,5.47956,-14.12665,-11.10452,-4.33044,-69.37,31.99,63.7,-69.37,31.99,0.07,0.94717,0.21458,-0.02462,-7.51462,-3.041,5.51844,Start_Activity
0,10/6/23 3:56 PM,140,33.6461816,72.9982787,-10.63131,-1.24187,3.06281,-20.44131,-11.05187,-6.74719,-3.15,95.9,104.79,-3.15,95.9,0.07,0.68462,0.41704,0.09433,-9.3458,2.62886,-1.38403,Start_Activity
0,10/6/23 3:56 PM,140,33.6461816,72.9982787,-14.80679,-0.91884,3.31406,-24.61679,-10.72884,-6.49594,67.34,189.84,185.85001,67.34,189.84,0.07,0.70378,0.34097,0.11152,-9.44488,2.11056,-1.58434,Start_Activity
0,10/6/23 3:56 PM,140,33.6461816,72.9982787,-15.83331,0.2991,1.82812,-25.64331,-9.5109,-7.98188,-2.94,208.88,168.14,-2.94,208.88,0.07,0.71583,-0.21283,-0.08408,-9.69091,-1.11889,1.00234,Start_Activity
0,10/6/23 3:56 PM,140,33.6461816,72.9982787,-6.50609,-0.41396,4.44347,-16.31609,-10.22396,-5.36653,183.12,-155.53999,-91.21,183.12,-155.53999,0.07,0.90302,0.05205,-0.01794,-8.58193,-2.86323,3.78455,Start_Activity
0,10/6/23 3:56 PM,139,33.6461816,72.9982787,-7.54696,0.74656,3.0676,-17.35696,-9.06344,-6.7424,6.93,-69.02,-75.81,6.93,-69.02,0.07,0.79859,-0.24944,-0.03299,-9.51033,1.57272,-1.80291,Start_Activity
0,10/6/23 3:56 PM,139,33.6461816,72.9982787,0.21535,-2.37368,10.2365,-9.59465,-12.18368,0.4265,-11.27,-18.48,-50.26,-11.27,-18.48,0.07,-0.99588,0.08676,0.02596,-5.09639,-0.55647,8.35987,Start_Activity
0,10/6/23 3:56 PM,140,33.6461816,72.9982787,0.07896,0.25364,11.50708,-9.73104,-9.55636,1.69708,3.85,2.59,-42.98,3.85,2.59,0.07,-0.98911,-0.14716,-2.40E-04,-0.93672,0.71309,9.73573,Start_Activity
0,10/6/23 3:56 PM,140,33.6461816,72.9982787,-0.50728,1.51944,8.85823,-10.31728,-8.29056,-0.95177,6.44,-2.52,18.69,6.44,-2.52,0.07,0.99199,-0.12528,0.0145,-0.52001,0.70825,9.76721,Start_Activity
0,10/6/23 3:56 PM,139,33.6461816,72.9982787,-0.50967,1.49312,7.11147,-10.31967,-8.31688,-2.69853,12.18,-17.01,16.17,12.18,-17.01,0.07,0.99287,-0.11679,0.02166,-0.68438,0.44452,9.77264,Start_Activity
0,10/6/23 3:56 PM,139,33.64620667,72.995825,-2.46939,0.73938,9.93739,-12.27939,-9.07062,0.12739,10.5,-7.49,6.37,10.5,-7.49,0.07,0.99124,-0.12799,0.00528,-1.05103,0.86956,9.71131,Start_Activity
0,10/6/23 3:56 PM,139,33.64620667,72.995825,-0.3996,-0.35892,12.52882,-10.2096,-10.16892,2.71882,-10.29,18.06,-2.52,-10.29,18.06,0.07,0.98259,0.18576,-4.80E-04,-0.33503,0.61428,9.78166,Start_Activity
0,10/6/23 3:56 PM,141,33.64622333,72.99578167,0.69631,0.98824,8.73141,-9.11369,-8.82176,-1.07859,22.05,10.99,-9.38,22.05,10.99,0.07,-0.98179,-0.18974,-0.00658,0.15111,0.9792,9.75647,Start_Activity
0,10/6/23 3:56 PM,141,33.64622333,72.99578167,0.25603,-0.40199,6.73101,-9.55397,-10.21199,-3.07899,14.63,-5.11,-51.52,14.63,-5.11,0.07,-0.98777,0.15591,0.00187,-0.13225,0.35897,9.79919,Start_Activity
0,10/6/23 3:56 PM,142,33.64625667,72.995755,0.35414,-1.70848,10.88974,-9.45586,-11.51848,1.07974,-10.85,-12.6,10.78,-10.85,-12.6,0.07,-0.98529,0.1704,0.01179,0.00147,0.06334,9.80645,Start_Activity
0,10/6/23 3:56 PM,143,33.64625667,72.995755,1.24905,-0.9667,12.45464,-8.56095,-10.7767,2.64464,14.28,2.87,-44.59,14.28,2.87,0.07,-0.98258,0.18566,0.00363,-0.11875,0.42353,9.79678,Start_Activity
0,10/6/23 3:56 PM,144,33.646295,72.99571167,-8.57348,-0.4331,5.55613,-18.38348,-10.2431,-4.25387,15.05,49,-11.34,15.05,49,0.07,0.86692,0.2318,0.07844,-7.96116,5.39588,-1.91699,Start_Activity
0,10/6/23 3:56 PM,144,33.6462666,72.9962035,-10.22932,-0.67717,7.67857,-20.03932,-10.48717,-2.13143,24.99,-63.49,-37.24,24.99,-63.49,0.07,0.93238,0.18088,-0.05984,-7.88157,-1.37489,5.67105,Start_Activity
0,10/6/23 3:56 PM,144,33.6462666,72.9962035,0.35892,0.68913,8.55195,-9.45108,-9.12087,-1.25805,-19.11,10.92,-0.56,-19.11,10.92,0.07,-0.92665,-0.3759,-0.00266,-0.56299,-2.69689,9.41171,Start_Activity
0,10/6/23 3:56 PM,143,33.6462666,72.9962035,-3.41216,-4.86461,8.81994,-13.22216,-14.67461,-0.99006,-37.45,0.56,-8.26,-37.45,0.56,0.07,0.95085,0.25265,-0.11942,-3.40407,-3.84156,8.35614,Start_Activity
0,10/6/23 3:56 PM,144,33.6462666,72.9962035,-2.0339,-0.268,7.35793,-11.8439,-10.078,-2.45207,17.08,-65.52,-16.66,17.08,-65.52,0.07,0.95985,0.278,0.0056,-2.05243,-1.50103,9.47126,Start_Activity
0,10/6/23 3:56 PM,143,33.64631833,72.99567333,-26.46701,1.16291,1.31366,-36.27701,-8.64709,-8.49634,-255.08,398.29999,296.59,-255.08,398.29999,0.07,0.65808,-0.30286,0.19961,-8.34809,4.04532,-3.18043,Start_Activity
0,10/6/23 3:56 PM,143,33.64631833,72.99564333,-7.52303,-1.28495,-0.75135,-17.33303,-11.09495,-10.56135,20.93,-32.34,-16.52,20.93,-32.34,0.07,0.49589,0.5011,-0.52144,-6.37641,-5.52026,5.00385,Start_Activity
0,10/6/23 3:56 PM,144,33.64631833,72.99564333,-14.44068,-0.28235,1.51226,-24.25068,-10.09235,-8.29774,0.14,-210,-253.61,0.14,-210,0.07,0.72166,0.17764,0.03793,-8.30037,-3.7161,3.66943,Start_Activity
0,10/6/23 3:56 PM,146,33.64631833,72.99564333,-16.63251,0.7322,0.82074,-26.44251,-9.0778,-8.98926,23.1,-167.3,-124.18,23.1,-167.3,0.07,0.59837,-0.40817,0.08958,-9.48386,-0.71962,2.38934,Start_Activity
0,10/6/23 3:56 PM,147,33.64631667,72.99563833,-16.38844,-3.60838,1.13898,-26.19844,-13.41838,-8.67102,130.89999,-358.82001,-144.69,130.89999,-358.82001,0.07,0.60715,0.40657,-0.43018,-8.53144,-0.18863,4.83211,Start_Activity
0,10/6/23 3:56 PM,148,33.64632,72.99560667,-10.05703,-0.11486,2.64407,-19.86703,-9.92486,-7.16593,79.03,-91.07,-50.68,79.03,-91.07,0.07,0.71599,0.32304,0.14645,0.27031,5.74736,-7.94136,Start_Activity
0,10/6/23 3:56 PM,147,33.64632,72.99560667,1.0337,1.43809,9.34158,-8.7763,-8.37191,-0.46842,13.02,-21.42,-11.48,13.02,-21.42,0.07,-0.98624,-0.16439,-0.01245,-5.66412,0.33517,7.99848,Start_Activity
0,10/6/23 3:56 PM,148,33.6462635,72.9962067,-12.73939,-1.44766,4.44347,-22.54939,-11.25766,-5.36653,73.5,54.46,31.43,73.5,54.46,0.07,0.73459,0.36408,0.08069,-6.90748,4.66694,-5.16495,Start_Activity
0,10/6/23 3:56 PM,148,33.6462635,72.9962067,-4.96511,-1.50509,2.93121,-14.77511,-11.31509,-6.87879,-1.61,56,10.22,-1.61,56,0.07,0.79032,0.38414,-0.02656,-8.93305,2.63452,-3.07088,Start_Activity
0,10/6/23 3:56 PM,147,33.6462635,72.9962067,-9.99721,1.75155,5.94856,-19.80721,-8.05845,-3.86144,6.02,105.84,65.87,6.02,105.84,0.07,0.87828,-0.09793,0.08893,-9.80099,-0.32995,0.047,Start_Activity
0,10/6/23 3:56 PM,145,33.64632833,72.99557333,-1.78026,1.84726,7.92503,-11.59026,-7.96274,-1.88497,-26.11,-25.48,5.53,-26.11,-25.48,0.07,0.96907,-0.24174,0.02646,-5.33689,0.71144,8.19645,Start_Activity
0,10/6/23 3:56 PM,144,33.64632833,72.99557333,2.09851,0.00239,9.35594,-7.71149,-9.80761,-0.45406,8.26,42.35,-52.85,20.79,15.96,0.07,-0.94993,0.28634,-3.50E-04,0.9411,0.16762,9.75995,Start_Activity
0,10/6/23 3:56 PM,143,33.64631667,72.99557167,-1.19163,-0.98345,3.56052,-11.00163,-10.79345,-6.24948,42.77,64.54,17.29,42.77,64.54,0.07,0.97307,0.2141,-0.03949,-4.6104,-0.72335,8.62504,Start_Activity
0,10/6/23 3:56 PM,142,33.64631667,72.99557167,-12.84706,-3.57488,4.14198,-22.65706,-13.38488,-5.66802,164.57001,-209.16,-139.44,164.57001,-209.16,0.07,0.73361,0.34128,-0.1721,-9.56313,-1.15795,1.83743,Start_Activity
0,10/6/23 3:56 PM,142,33.64633167,72.995535,1.37587,-0.8327,13.00738,-8.43413,-10.6427,3.19738,-9.17,-68.74,-59.22,-9.17,-68.74,0.07,-0.96835,0.24948,0.00218,-3.87669,0.00842,9.00786,Start_Activity
0,10/6/23 3:56 PM,142,33.64633167,72.995535,-6.59701,-0.61974,8.18345,-16.40701,-10.42974,-1.62655,-140.49001,-103.88,-18.06,-140.49001,-103.88,0.07,0.95419,0.18715,0.02066,-9.22749,-0.58753,3.26781,Start_Activity
0,10/6/23 3:56 PM,140,33.6463399,72.9945885,-1.87837,0.98345,3.02213,-11.68837,-8.82655,-6.78787,-147.28,20.09,148.12,-147.28,20.09,0.07,0.97537,-0.11142,0.07415,-6.60737,-1.03882,7.17174,Start_Activity
0,10/6/23 3:56 PM,139,33.6463399,72.9945885,-9.94457,1.40459,3.0006,-19.75457,-8.40541,-6.8094,-19.25,70.21,36.75,-19.25,70.21,0.07,0.79026,-0.15596,0.14555,-9.31845,2.29228,-2.02049,Start_Activity
0,10/6/23 3:56 PM,140,33.6463399,72.9945885,-11.33959,-0.26082,3.00778,-21.14959,-10.07082,-6.80222,-2.59,153.16,130.2,-2.59,153.16,0.07,0.78379,0.134,0.05004,-9.75181,-0.011,1.03556,Start_Activity
0,10/6/23 3:56 PM,138,33.64638,72.99550167,-24.08376,0.99063,-1.82333,-33.89376,-8.81937,-11.63333,-314.44,378.98001,282.51999,-314.44,378.98001,0.07,-0.23779,0.6369,-0.72611,-9.76693,-0.17944,0.86329,Start_Activity
0,10/6/23 3:56 PM,139,33.64638,72.99550167,-8.55913,-1.51705,0.66042,-18.36913,-11.32705,-9.14958,114.1,-101.15,-154.49001,114.1,-101.15,0.07,0.56884,0.46304,-0.31545,-7.03621,-4.57765,5.07023,Start_Activity
0,10/6/23 3:56 PM,139,33.64638,72.99550167,-15.47199,-0.33021,1.95254,-25.28199,-10.14021,-7.85746,60.69,-155.39999,-140.7,60.69,-155.39999,0.07,0.72782,0.18264,0.05168,-8.53147,-1.78504,4.49422,Start_Activity
0,10/6/23 3:56 PM,138,33.64641333,72.99546667,-11.97129,-2.04347,6.95594,-21.78129,-11.85347,-2.85406,3.43,-23.66,-30.52,3.43,-23.66,0.07,0.84494,0.24801,-0.0071,-9.37292,-0.68637,2.80135,Start_Activity
0,10/6/23 3:56 PM,138,33.64641333,72.99546667,-4.43629,-0.6676,5.58724,-14.24629,-10.4776,-4.22276,4.97,-44.52,-29.33,4.97,-44.52,0.07,0.95595,0.18137,0.00476,-6.58023,-2.47132,6.83839,Start_Activity
0,10/6/23 3:56 PM,137,33.64642667,72.99544,-3.0006,-3.59881,7.61875,-12.8106,-13.40881,-2.19125,-47.04,-13.3,12.32,-47.04,-13.3,0.07,0.9487,0.27547,-0.08985,-3.81687,-4.2019,7.99662,Start_Activity
0,10/6/23 3:56 PM,137,33.64642667,72.99544,-5.85524,-5.1015,8.20499,-15.66524,-14.9115,-1.60501,-66.78,10.29,38.71,-66.78,10.29,0.07,0.90424,0.31852,-0.12781,-4.20716,-5.22103,7.15619,Start_Activity
0,10/6/23 3:56 PM,138,33.64643833,72.99541167,-2.42393,-3.4002,6.98465,-12.23393,-13.2102,-2.82535,12.6,13.37,-8.47,12.6,13.37,0.07,0.9202,0.36228,-0.08342,-2.66842,-4.97938,8.01597,Start_Activity
0,10/6/23 3:56 PM,138,33.64643833,72.99541167,-3.23031,-5.91266,6.84347,-13.04031,-15.72266,-2.96653,41.65,-6.51,-22.96,41.65,-6.51,0.07,0.89785,0.32445,-0.21385,-3.3932,-5.31685,7.50918,Start_Activity
0,10/6/23 3:56 PM,138,33.6462104,72.9963068,-3.45284,-5.25942,10.37767,-13.26284,-15.06942,0.56767,36.68,18.97,-25.48,36.68,18.97,0.07,0.91581,0.3194,-0.16592,-3.41167,-4.40597,8.0696,Start_Activity
0,10/6/23 3:56 PM,138,33.6462104,72.9963068,-0.57667,-3.04367,8.84627,-10.38667,-12.85367,-0.96373,-14.98,-16.8,23.1,-14.98,-16.8,0.07,0.95679,0.28503,-0.05119,-1.8324,-3.46256,8.99018,Start_Activity
0,10/6/23 3:56 PM,137,33.6462104,72.9963068,-5.68056,-1.3017,4.19222,-15.49056,-11.1117,-5.61778,-30.8,-18.41,49.98,-30.8,-18.41,0.07,0.89667,0.1661,-0.06112,-7.27713,-3.31236,5.67821,Start_Activity
0,10/6/23 3:56 PM,137,33.6462104,72.9963068,-13.72284,-4.01755,9.16451,-23.53284,-13.82755,-0.64549,-70.28,105.35,105.28,-70.28,105.35,0.07,0.86904,0.21824,-0.09003,-8.37548,-2.33602,4.53484,Start_Activity
0,10/6/23 3:56 PM,137,33.6462104,72.9963068,-1.58883,1.12941,6.25962,-11.39883,-8.68059,-3.55038,37.45,-39.27,-52.57,37.45,-39.27,0.07,0.98763,-0.14988,0.02087,-6.67364,-4.37094,5.70331,Start_Activity
0,10/6/23 3:56 PM,137,33.64624,72.99619167,-0.90449,-1.63669,4.733,-10.71449,-11.44669,-5.077,-8.12,-4.97,-31.99,-8.12,-4.97,0.07,-0.9867,0.16225,0.00431,-0.10195,-0.97104,9.75792,Start_Activity
0,10/6/23 3:56 PM,137,33.64624,72.99619167,-16.1372,-2.60339,3.52223,-25.9472,-12.41339,-6.28777,102.69,-179.89999,-178.99001,102.69,-179.89999,0.07,0.69201,0.35881,-0.10277,-8.31865,-2.31439,4.64909,Start_Activity
0,10/6/23 3:57 PM,137,33.64624167,72.99594167,-22.29393,-5.1326,6.2692,-32.10393,-14.9426,-3.5408,-164.78,217.7,258.64999,-164.78,217.7,0.07,0.70803,0.3679,-0.13202,-9.32466,3.03523,-0.09253,Start_Activity
0,10/6/23 3:57 PM,136,33.64624167,72.99594167,-6.52523,-0.42592,3.51506,-16.33523,-10.23592,-6.29494,-14.98,-0.7,6.37,-14.98,-0.7,0.07,0.84215,0.22638,0.0673,-9.77592,0.69869,-0.33707,Start_Activity
0,10/6/23 3:57 PM,136,33.6480117,72.9920053,-3.38824,-0.19621,7.57807,-13.19824,-10.00621,-2.23193,19.53,-13.09,3.29,19.53,-13.09,0.07,0.91812,0.38586,0.03007,-7.17399,-2.08375,6.35312,Start_Activity
0,10/6/23 3:57 PM,135,33.6480117,72.9920053,-1.41416,-4.19701,13.77548,-11.22416,-14.00701,3.96548,4.55,48.09,3.01,4.55,48.09,0.07,0.9234,0.3807,-0.03703,-1.14777,-2.68622,9.36148,Start_Activity
0,10/6/23 3:57 PM,135,33.6480117,72.9920053,-0.60778,-0.90449,8.12603,-10.41778,-10.71449,-1.68397,15.75,12.74,-11.55,15.75,12.74,0.07,0.91605,0.40096,-0.00478,-0.92162,-2.37203,9.47072,Start_Activity
0,10/6/23 3:57 PM,136,33.6480117,72.9920053,-0.79202,-1.32562,8.01117,-10.60202,-11.13562,-1.79883,16.8,-0.63,-35.35,16.8,-0.63,0.07,0.91858,0.39482,-0.01069,-1.29415,-1.57192,9.59295,Start_Activity
0,10/6/23 3:57 PM,136,33.6480117,72.9920053,0.99302,-1.91665,10.22932,-8.81698,-11.72665,0.41932,-11.13,4.97,-32.13,-11.13,4.97,0.07,-0.97735,0.21053,0.01679,-0.76395,-0.91025,9.73438,Start_Activity
0,10/6/23 3:57 PM,137,33.6480117,72.9920053,-0.04068,0.02871,11.13141,-9.85068,-9.78129,1.32141,1.33,-17.71,-12.46,1.33,-17.71,0.07,0.97369,-0.22786,0,-0.3353,-0.14995,9.79977,Start_Activity
0,10/6/23 3:57 PM,137,33.6480117,72.9920053,-0.51685,0.05025,6.86979,-10.32685,-9.75975,-2.94021,2.24,-40.95,43.19,2.24,-40.95,0.07,0.98058,-0.19608,-2.90E-04,-1.71145,-0.72956,9.62855,Start_Activity
0,10/6/23 3:57 PM,136,33.6480117,72.9920053,-3.39063,-2.1009,8.63809,-13.20063,-11.9109,-1.17191,-14,-11.13,-2.24,-14,-11.13,0.07,0.93294,0.34714,-0.0196,-2.68293,-2.70606,9.03601,Start_Activity
0,10/6/23 3:57 PM,136,33.6480117,72.9920053,-4.52004,-4.61815,11.69851,-14.33004,-14.42815,1.88851,-28.28,9.66,37.52,-28.28,9.66,0.07,0.92393,0.35976,-0.05567,-2.7438,-3.5268,8.72947,Start_Activity
0,10/6/23 3:57 PM,136,33.6480117,72.9920053,-1.48594,0.75852,9.39183,-11.29594,-9.05148,-0.41817,9.17,4.27,-7.35,9.17,4.27,0.07,0.98121,-0.19229,0.00427,-4.02737,-1.56866,8.80284,Start_Activity
0,10/6/23 3:57 PM,138,33.6480117,72.9920053,-0.3996,-2.94078,5.78584,-10.2096,-12.75078,-4.02416,16.24,-28.28,-14.28,16.24,-28.28,0.07,0.92943,0.35072,-0.1011,-1.34368,-1.20768,9.6388,Start_Activity
0,10/6/23 3:57 PM,139,33.6480117,72.9920053,-2.14875,-4.17787,14.37847,-11.95875,-13.98787,4.56847,17.43,16.8,-21.21,17.43,16.8,0.07,0.93791,0.34317,-0.03435,-2.03904,-2.04564,9.37166,Start_Activity
0,10/6/23 3:57 PM,138,33.64627,72.99585833,-0.41396,-1.73001,10.31785,-10.22396,-11.54001,0.50785,-18.34,6.79,14.14,-18.34,6.79,0.07,0.94556,0.32513,-0.01236,-2.29644,-1.84118,9.35451,Start_Activity
0,10/6/23 3:57 PM,138,33.64627,72.99585833,-3.07238,-1.95733,7.53978,-12.88238,-11.76733,-2.27022,12.39,-41.93,29.68,12.39,-41.93,0.07,0.92539,0.36463,-0.02072,-2.58077,-2.88932,9.00899,Start_Activity
0,10/6/23 3:57 PM,139,33.64633333,72.99574,-2.91924,-2.50289,11.87558,-12.72924,-12.31289,2.06558,-8.4,-0.35,-1.26,-8.4,-0.35,0.07,0.92726,0.37111,-0.01613,-1.46251,-2.14989,9.45566,Start_Activity
0,10/6/23 3:57 PM,138,33.64633333,72.99574,-2.59143,-5.2355,9.58565,-12.40143,-15.0455,-0.22435,1.96,24.01,33.32,1.96,24.01,0.07,0.94652,0.28409,-0.11373,-2.23324,-3.26209,8.97451,Start_Activity
0,10/6/23 3:57 PM,137,33.64637833,72.99566667,-1.8999,-1.17966,8.71466,-11.7099,-10.98966,-1.09534,21.21,-10.08,10.29,21.21,-10.08,0.07,0.97065,0.23837,-0.00989,-0.813,-0.84784,9.73604,Start_Activity
0,10/6/23 3:57 PM,136,33.64637833,72.99566667,-0.63649,-0.97627,14.12962,-10.44649,-10.78627,4.31962,-33.67,12.6,24.15,-33.67,12.6,0.07,0.98748,0.15772,-0.00251,-0.92444,0.45833,9.75222,Start_Activity
0,10/6/23 3:57 PM,135,33.64643667,72.99558833,-0.22732,0.31346,11.0022,-10.03732,-9.49654,1.1922,9.17,-3.22,-3.15,9.17,-3.22,0.07,0.99622,-0.08682,4.70E-04,-1.20525,0.39744,9.72419,Start_Activity
0,10/6/23 3:57 PM,136,33.64643667,72.99558833,-1.29691,-0.8997,7.07797,-11.10691,-10.7097,-2.73203,-7.07,-26.67,17.29,-7.07,-26.67,0.07,0.99854,0.04817,-0.01286,-2.95302,-1.13714,9.28208,Start_Activity
0,10/6/23 3:57 PM,137,33.6480117,72.9920053,-3.55573,-1.49073,11.80858,-13.36573,-11.30073,1.99858,-16.59,2.24,-3.57,-16.59,2.24,0.07,0.99537,0.08176,-0.01573,-0.91019,-1.06589,9.70597,Start_Activity
0,10/6/23 3:57 PM,137,33.6480117,72.9920053,-1.2993,-2.31386,10.31067,-11.1093,-12.12386,0.50067,-0.21,20.23,3.22,-0.21,20.23,0.07,0.99764,0.0607,-0.02694,-1.48849,-1.72289,9.53868,Start_Activity
0,10/6/23 3:57 PM,137,33.6480117,72.9920053,-0.3326,-1.40937,7.23111,-10.1426,-11.21937,-2.57889,11.2,11.34,-4.69,11.2,11.34,0.07,0.99823,0.0561,-0.01884,-1.29792,-2.11231,9.48809,Start_Activity
0,10/6/23 3:57 PM,137,33.6480117,72.9920053,-1.5003,-3.0676,8.67877,-11.3103,-12.8776,-1.13123,-3.5,-1.19,-23.38,-3.5,-1.19,0.07,0.99561,0.06036,-0.06234,-1.31451,-2.81253,9.30226,Start_Activity
0,10/6/23 3:57 PM,137,33.6480117,72.9920053,-1.29452,-1.91665,12.55753,-11.10452,-11.72665,2.74753,3.43,-0.21,-12.95,3.43,-0.21,0.07,0.99674,0.07895,-0.01304,-0.85322,-1.12616,9.70434,Start_Activity
0,10/6/23 3:57 PM,137,33.6480117,72.9920053,-0.53599,-0.34217,8.92044,-10.34599,-10.15217,-0.88956,2.52,-3.57,16.66,2.52,-3.57,0.07,0.99714,0.07548,-0.0012,-1.04228,-1.22211,9.67422,Start_Activity
0,10/6/23 3:57 PM,136,33.6480117,72.9920053,-0.52164,-0.83749,7.48236,-10.33164,-10.64749,-2.32764,-1.33,-19.11,6.44,-1.33,-19.11,0.07,0.99823,0.0588,-0.00704,-1.29765,-1.66124,9.57741,Start_Activity
0,10/6/23 3:57 PM,136,33.6480117,72.9920053,-3.38345,-3.28774,12.536,-13.19345,-13.09774,2.726,-14.42,19.25,37.24,-14.42,19.25,0.07,0.99572,0.0649,-0.04294,-1.69397,-2.93767,9.20168,Start_Activity
0,10/6/23 3:57 PM,135,33.6480117,72.9920053,-2.44307,-3.3021,10.82752,-12.25307,-13.1121,1.01752,-1.05,19.04,14.42,-1.05,19.04,0.07,0.99563,0.06523,-0.05119,-1.65168,-2.4333,9.35529,Start_Activity
0,10/6/23 3:57 PM,134,33.6480117,72.9920053,-1.08634,-1.89751,7.04926,-10.89634,-11.70751,-2.76074,10.99,-7.07,-7.63,10.99,-7.07,0.07,0.99734,0.05676,-0.03843,-1.5373,-2.10001,9.455,Start_Activity
0,10/6/23 3:57 PM,134,33.6480117,72.9920053,-1.73001,-2.65125,8.52563,-11.54001,-12.46125,-1.28437,11.97,0.91,-24.64,11.97,0.91,0.07,0.99587,0.06424,-0.05156,-1.8489,-2.67691,9.25128,Start_Activity
0,10/6/23 3:57 PM,133,33.6480117,72.9920053,-2.56511,-4.51047,13.31606,-12.37511,-14.32047,3.50606,25.13,26.6,-14,25.13,26.6,0.07,0.997,0.03257,-0.06003,-1.91684,-2.18882,9.3651,Start_Activity
0,10/6/23 3:57 PM,133,33.6480117,72.9920053,-0.89731,-1.49312,9.34636,-10.70731,-11.30312,-0.46364,-21.7,-11.41,-9.03,-21.7,-11.41,0.07,0.99914,0.03782,-0.01429,-1.68884,-1.99475,9.45194,Start_Activity
0,10/6/23 3:57 PM,134,33.6480117,72.9920053,-2.2014,-1.62712,7.40818,-12.0114,-11.43712,-2.40182,5.39,-26.04,14.42,5.39,-26.04,0.07,0.99783,0.0171,-0.03715,-2.51898,-2.64839,9.10007,Start_Activity
0,10/6/23 3:57 PM,134,33.6480117,72.9920053,-3.59402,-3.62513,10.36571,-13.40402,-13.43513,0.55571,-68.74,-14.84,14.49,-68.74,-14.84,0.07,0.994,0.02321,-0.07503,-2.39498,-3.1595,8.96951,Start_Activity
0,10/6/23 3:57 PM,135,33.6480117,72.9920053,-1.63669,-1.69173,8.35095,-11.44669,-11.50173,-1.45905,-10.22,1.82,10.36,-10.22,1.82,0.07,0.99816,0.04721,-0.02618,-1.76113,-2.42608,9.33718,Start_Activity
0,10/6/23 3:57 PM,135,33.6480117,72.9920053,-1.17966,-1.61276,7.468,-10.98966,-11.42276,-2.342,-5.74,-7.84,-11.06,-5.74,-7.84,0.07,0.99752,0.0613,-0.02658,-1.59088,-2.66176,9.30347,Start_Activity
0,10/6/23 3:57 PM,135,33.6480117,72.9920053,-1.75394,-2.57228,8.31267,-11.56394,-12.38228,-1.49733,20.16,17.71,-27.65,20.16,17.71,0.07,0.9955,0.06868,-0.05142,-2.01446,-2.99455,9.11839,Start_Activity
0,10/6/23 3:57 PM,135,33.6480117,72.9920053,-3.10588,-5.17089,13.08395,-12.91588,-14.98089,3.27395,14.14,15.75,-26.67,14.14,15.75,0.07,0.99381,0.05734,-0.07907,-2.13984,-2.43937,9.25424,Start_Activity
0,10/6/23 3:57 PM,135,33.6480117,72.9920053,-2.16072,-0.94277,9.08315,-11.97072,-10.75277,-0.72685,-0.56,-6.02,-19.25,-0.56,-6.02,0.07,0.99728,0.0661,-0.01104,-1.65694,-1.39117,9.56502,Start_Activity
0,10/6/23 3:57 PM,135,33.6480117,72.9920053,-3.00539,0.12682,8.04945,-12.81539,-9.68318,-1.76055,-5.95,-16.73,6.79,-5.95,-16.73,0.07,0.99718,-0.03743,3.30E-04,-1.88065,-0.27917,9.62058,Start_Activity
0,10/6/23 3:57 PM,135,33.6480117,72.9920053,-4.05583,-2.51246,12.37089,-13.86583,-12.32246,2.56089,-4.69,49.42,30.17,-4.69,49.42,0.07,0.99678,0.04099,-0.0341,-3.19979,-1.44312,9.15692,Start_Activity
0,10/6/23 3:57 PM,135,33.64643167,72.99557667,-1.43809,-1.5003,7.52064,-11.24809,-11.3103,-2.28936,27.23,1.68,4.48,27.23,1.68,0.07,0.9983,0.04517,-0.02537,-2.49982,-1.83869,9.30272,Start_Activity
0,10/6/23 3:57 PM,135,33.64643167,72.99557667,-2.22293,-2.38804,7.51586,-12.03293,-12.19804,-2.29414,13.93,-7.07,-31.29,13.93,-7.07,0.07,0.99515,0.04864,-0.06009,-2.43348,-2.47547,9.17173,Start_Activity
0,10/6/23 3:57 PM,134,33.64643167,72.99557667,-3.1681,-3.88834,11.70808,-12.9781,-13.69834,1.89808,5.81,22.61,-10.15,5.81,22.61,0.07,0.99581,0.03742,-0.06305,-2.84635,-2.44946,9.05918,Start_Activity
0,10/6/23 3:57 PM,133,33.64641667,72.99548833,-2.0004,-1.60798,8.56391,-11.8104,-11.41798,-1.24609,-16.59,-4.06,15.68,-16.59,-4.06,0.07,0.99823,0.04109,-0.02554,-2.84962,-2.406,9.06979,Start_Activity
0,10/6/23 3:57 PM,133,33.64641667,72.99548833,-3.67298,-1.99561,8.11167,-13.48298,-11.80561,-1.69833,-25.9,-20.51,-13.3,-25.9,-20.51,0.07,0.99198,0.05104,-0.05111,-3.32723,-3.0364,8.71092,Start_Activity
0,10/6/23 3:57 PM,132,33.64641167,72.99539167,-5.31207,-3.23031,11.07398,-15.12207,-13.04031,1.26398,4.34,35.77,42.07,4.34,35.77,0.07,0.98994,0.04622,-0.06597,-3.39153,-2.42109,8.87729,Start_Activity
0,10/6/23 3:57 PM,132,33.6480117,72.9920053,-2.56271,-1.3352,7.74796,-12.37271,-11.1452,-2.06204,28.42,0.91,-11.83,28.42,0.91,0.07,0.99546,0.06982,-0.02603,-2.57835,-2.31859,9.17315,Start_Activity
0,10/6/23 3:57 PM,131,33.6480117,72.9920053,-2.35454,-2.72543,7.92742,-12.16454,-12.53543,-1.88258,34.09,-13.58,-26.11,34.09,-13.58,0.07,0.99358,0.06482,-0.06664,-2.39453,-2.08732,9.27792,Start_Activity
0,10/6/23 3:57 PM,131,33.6480117,72.9920053,-2.29472,-3.39302,7.39861,-12.10472,-13.20302,-2.41139,40.88,-11.13,-32.62,40.88,-11.13,0.07,0.98861,0.07474,-0.10366,-2.5156,-2.6101,9.11206,Start_Activity
0,10/6/23 3:57 PM,132,33.6480117,72.9920053,-1.47876,-2.97189,9.83929,-11.28876,-12.78189,0.02929,-19.25,10.78,-15.89,-19.25,10.78,0.07,0.99791,0.03593,-0.04723,-2.77796,-3.19459,8.84578,Start_Activity
0,10/6/23 3:57 PM,132,33.6480117,72.9920053,-1.88315,-1.80897,6.74537,-11.69315,-11.61897,-3.06463,-21.42,-26.81,19.88,-21.42,-26.81,0.07,0.99614,0.05372,-0.04555,-2.9548,-3.54563,8.65263,Start_Activity
0,10/6/23 3:57 PM,133,33.6480117,72.9920053,-5.64467,-4.0343,10.17907,-15.45467,-13.8443,0.36907,-76.37,-17.71,5.04,-76.37,-17.71,0.07,0.98146,0.0594,-0.10184,-3.43266,-3.84714,8.34187,Start_Activity
0,10/6/23 3:57 PM,133,33.6480117,72.9920053,-2.32822,-3.65384,9.17408,-12.13822,-13.46384,-0.63592,0.14,20.3,30.45,0.14,20.3,0.07,0.99189,0.07931,-0.07979,-2.60748,-3.63064,8.72868,Start_Activity
0,10/6/23 3:57 PM,134,33.6480117,72.9920053,-1.56491,-3.70648,5.92702,-11.37491,-13.51648,-3.88298,19.18,10.01,-18.9,19.18,10.01,0.07,0.97959,0.08719,-0.16192,-2.19035,-4.08224,8.64338,Start_Activity
0,10/6/23 3:57 PM,134,33.6465314,72.9937724,-5.20439,-5.02493,11.82772,-15.01439,-14.83493,2.01772,50.19,18.55,-7.14,50.19,18.55,0.07,0.98608,0.06303,-0.1024,-3.18527,-3.446,8.61101,Start_Activity
0,10/6/23 3:57 PM,134,33.6465314,72.9937724,-1.89033,-2.99342,8.97548,-11.70033,-12.80342,-0.83452,-0.35,6.79,-12.04,-0.35,6.79,0.07,0.99693,0.03134,-0.05967,-2.87944,-3.4341,8.72274,Start_Activity
0,10/6/23 3:58 PM,135,33.6465314,72.9937724,-2.78525,-2.84507,6.92722,-12.59525,-12.65507,-2.88278,-15.96,-18.97,6.79,-15.96,-18.97,0.07,0.98733,0.07655,-0.09357,-3.02291,-3.26467,8.73924,Start_Activity
0,10/6/23 3:58 PM,135,33.6465314,72.9937724,-3.21835,-3.49352,12.65085,-13.02835,-13.30352,2.84085,20.09,1.68,3.08,20.09,1.68,0.07,0.99416,0.08566,-0.04444,-2.01621,-2.55074,9.25197,Start_Activity
0,10/6/23 3:58 PM,136,33.6465314,72.9937724,-1.58883,-4.27358,8.97787,-11.39883,-14.08358,-0.83213,-24.85,59.57,54.81,-24.85,59.57,0.07,0.98366,0.11125,-0.11067,-2.75667,-3.21815,8.84391,Start_Activity
0,10/6/23 3:58 PM,131,0,0,0.12921,-1.73719,13.81137,-9.68079,-11.54719,4.00137,-12.95,24.08,-1.33,-12.95,24.08,0.07,-0.84446,0.53556,0.00633,0.5235,1.69561,9.64475,Start_Activity
